"Sample","% No Edit","% Insertion","% Deletion","% Incomplete Insertion","% Incomplete Deletion","Total number of events","Average events per normalized read"
"WT MGA",62.8482894736842,24.0247684210526,2.29102105263158,7.73994210526316,3.09597894736842,7058825,7.058825
"L270R MGA",68.421027423832,13.8706106792487,0.767541822484592,16.1732782519501,0.767541822484592,6000007,6.000007
