"Sample","% Insertion","% Deletion","% No Edit","% Total number of events","% Average events per normalized read"
"WT MGA",31.7647105263158,5.387,62.8482894736842,7058825,7.058825
"L270R MGA",30.0438889311988,1.53508364496918,68.421027423832,6000007,6.000007
