"Sample","% Canonical","% Non-canonical","NA"
"WT MGA",10.8359210526316,62.8482894736842,26.3157894736842
"L270R MGA",16.9408200744347,68.421027423832,14.6381525017333
